{"cameraMode":{"drawMode":0,"name":"Shaded","section":"Shading Mode"},"sceneLighting":true,"audioPlay":false,"sceneViewState":{"showFog":true,"showMaterialUpdate":false,"showSkybox":true,"showFlares":true,"showImageEffects":true,"showParticleSystems":true},"in2DMode":false,"pivot":{"x":16.011789321899415,"y":8.570988655090332,"z":3.0186691284179689},"rotation":{"x":-0.2574339210987091,"y":0.3670022189617157,"z":-0.10645218193531037,"w":-0.8875296115875244},"size":28.649723052978517,"orthographic":false}