{"cameraMode":{"drawMode":0,"name":"Shaded","section":"Shading Mode"},"sceneLighting":true,"audioPlay":false,"sceneViewState":{"showFog":true,"showMaterialUpdate":false,"showSkybox":true,"showFlares":true,"showImageEffects":true,"showParticleSystems":true},"in2DMode":false,"pivot":{"x":-19.983440399169923,"y":11.695707321166993,"z":-4.361873149871826},"rotation":{"x":-0.15631374716758729,"y":0.7170243859291077,"z":-0.17047467827796937,"w":-0.6576056480407715},"size":29.169864654541017,"orthographic":false}